type,unit,ano_inicio,ano_fim,duracao_anos,tmi_inicio,tmi_fim,delta_tmi,delta_pct,classificacao,ano_inicial_serie,ano_final_serie,tmi_inicial_serie,tmi_final_serie,delta_geral_tmi,delta_geral_pct,trajetoria_geral
País LATAM,Brazil,2013,2016,3,14.4,14.6,0.1999999999999993,1.388888888888884,Reversão,2000,2023,29.1,12.5,-16.6,-57.0446735395189,Queda geral
País LATAM,Brazil,2014,2016,2,14,14.6,0.5999999999999996,4.285714285714293,Reversão,2000,2023,29.1,12.5,-16.6,-57.0446735395189,Queda geral
País LATAM,Brazil,2015,2016,1,13.7,14.6,0.9000000000000004,6.569343065693434,Reversão,2000,2023,29.1,12.5,-16.6,-57.0446735395189,Queda geral
País LATAM,Brazil,2018,2019,1,13.1,13,-0.09999999999999964,-0.7633587786259555,Estagnação,2000,2023,29.1,12.5,-16.6,-57.0446735395189,Queda geral
País LATAM,Brazil,2021,2022,1,12.7,12.6,-0.09999999999999964,-0.7874015748031482,Estagnação,2000,2023,29.1,12.5,-16.6,-57.0446735395189,Queda geral
País LATAM,Brazil,2022,2023,1,12.6,12.5,-0.09999999999999964,-0.7936507936507908,Estagnação,2000,2023,29.1,12.5,-16.6,-57.0446735395189,Queda geral
País LATAM,Chile,2003,2004,1,8,7.9,-0.09999999999999964,-1.2499999999999956,Estagnação,2000,2023,9.2,6.2,-2.999999999999999,-32.6086956521739,Queda geral
País LATAM,Chile,2006,2007,1,7.6,7.6,0,0,Estagnação,2000,2023,9.2,6.2,-2.999999999999999,-32.6086956521739,Queda geral
País LATAM,Chile,2006,2008,2,7.6,7.6,0,0,Estagnação,2000,2023,9.2,6.2,-2.999999999999999,-32.6086956521739,Queda geral
País LATAM,Chile,2006,2009,3,7.6,7.6,0,0,Estagnação,2000,2023,9.2,6.2,-2.999999999999999,-32.6086956521739,Queda geral
País LATAM,Chile,2006,2010,4,7.6,7.5,-0.09999999999999964,-1.3157894736842035,Estagnação,2000,2023,9.2,6.2,-2.999999999999999,-32.6086956521739,Queda geral
País LATAM,Chile,2007,2008,1,7.6,7.6,0,0,Estagnação,2000,2023,9.2,6.2,-2.999999999999999,-32.6086956521739,Queda geral
País LATAM,Chile,2007,2009,2,7.6,7.6,0,0,Estagnação,2000,2023,9.2,6.2,-2.999999999999999,-32.6086956521739,Queda geral
País LATAM,Chile,2007,2010,3,7.6,7.5,-0.09999999999999964,-1.3157894736842035,Estagnação,2000,2023,9.2,6.2,-2.999999999999999,-32.6086956521739,Queda geral
País LATAM,Chile,2008,2009,1,7.6,7.6,0,0,Estagnação,2000,2023,9.2,6.2,-2.999999999999999,-32.6086956521739,Queda geral
País LATAM,Chile,2008,2010,2,7.6,7.5,-0.09999999999999964,-1.3157894736842035,Estagnação,2000,2023,9.2,6.2,-2.999999999999999,-32.6086956521739,Queda geral
País LATAM,Chile,2009,2010,1,7.6,7.5,-0.09999999999999964,-1.3157894736842035,Estagnação,2000,2023,9.2,6.2,-2.999999999999999,-32.6086956521739,Queda geral
País LATAM,Chile,2010,2011,1,7.5,7.4,-0.09999999999999964,-1.3333333333333308,Estagnação,2000,2023,9.2,6.2,-2.999999999999999,-32.6086956521739,Queda geral
País LATAM,Chile,2013,2014,1,7.1,7,-0.09999999999999964,-1.4084507042253502,Estagnação,2000,2023,9.2,6.2,-2.999999999999999,-32.6086956521739,Queda geral
País LATAM,Chile,2015,2016,1,6.8,6.7,-0.09999999999999964,-1.4705882352941124,Estagnação,2000,2023,9.2,6.2,-2.999999999999999,-32.6086956521739,Queda geral
País LATAM,Chile,2018,2023,5,6.3,6.2,-0.09999999999999964,-1.5873015873015817,Estagnação,2000,2023,9.2,6.2,-2.999999999999999,-32.6086956521739,Queda geral
País LATAM,Chile,2019,2020,1,6,5.9,-0.09999999999999964,-1.6666666666666607,Estagnação,2000,2023,9.2,6.2,-2.999999999999999,-32.6086956521739,Queda geral
País LATAM,Chile,2019,2022,3,6,5.9,-0.09999999999999964,-1.6666666666666607,Estagnação,2000,2023,9.2,6.2,-2.999999999999999,-32.6086956521739,Queda geral
País LATAM,Chile,2019,2023,4,6,6.2,0.20000000000000018,3.3333333333333437,Reversão,2000,2023,9.2,6.2,-2.999999999999999,-32.6086956521739,Queda geral
País LATAM,Chile,2020,2022,2,5.9,5.9,0,0,Estagnação,2000,2023,9.2,6.2,-2.999999999999999,-32.6086956521739,Queda geral
País LATAM,Chile,2020,2023,3,5.9,6.2,0.2999999999999998,5.084745762711851,Reversão,2000,2023,9.2,6.2,-2.999999999999999,-32.6086956521739,Queda geral
País LATAM,Chile,2021,2022,1,5.8,5.9,0.10000000000000053,1.7241379310344973,Reversão,2000,2023,9.2,6.2,-2.999999999999999,-32.6086956521739,Queda geral
País LATAM,Chile,2021,2023,2,5.8,6.2,0.40000000000000036,6.896551724137945,Reversão,2000,2023,9.2,6.2,-2.999999999999999,-32.6086956521739,Queda geral
País LATAM,Chile,2022,2023,1,5.9,6.2,0.2999999999999998,5.084745762711851,Reversão,2000,2023,9.2,6.2,-2.999999999999999,-32.6086956521739,Queda geral
País LATAM,Costa Rica,2005,2006,1,9.7,9.6,-0.09999999999999964,-1.0309278350515427,Estagnação,2000,2023,11.2,9.2,-2,-17.85714285714286,Queda geral
País LATAM,Costa Rica,2006,2007,1,9.6,9.5,-0.09999999999999964,-1.041666666666663,Estagnação,2000,2023,11.2,9.2,-2,-17.85714285714286,Queda geral
País LATAM,Costa Rica,2007,2008,1,9.5,9.4,-0.09999999999999964,-1.0526315789473606,Estagnação,2000,2023,11.2,9.2,-2,-17.85714285714286,Queda geral
País LATAM,Costa Rica,2008,2009,1,9.4,9.3,-0.09999999999999964,-1.0638297872340385,Estagnação,2000,2023,11.2,9.2,-2,-17.85714285714286,Queda geral
País LATAM,Costa Rica,2010,2023,13,9,9.2,0.1999999999999993,2.2222222222222143,Reversão,2000,2023,11.2,9.2,-2,-17.85714285714286,Queda geral
País LATAM,Costa Rica,2011,2022,11,8.8,8.8,0,0,Estagnação,2000,2023,11.2,9.2,-2,-17.85714285714286,Queda geral
País LATAM,Costa Rica,2011,2023,12,8.8,9.2,0.3999999999999986,4.545454545454519,Reversão,2000,2023,11.2,9.2,-2,-17.85714285714286,Queda geral
País LATAM,Costa Rica,2012,2021,9,8.5,8.5,0,0,Estagnação,2000,2023,11.2,9.2,-2,-17.85714285714286,Queda geral
País LATAM,Costa Rica,2012,2022,10,8.5,8.8,0.3000000000000007,3.529411764705892,Reversão,2000,2023,11.2,9.2,-2,-17.85714285714286,Queda geral
País LATAM,Costa Rica,2012,2023,11,8.5,9.2,0.6999999999999993,8.23529411764705,Reversão,2000,2023,11.2,9.2,-2,-17.85714285714286,Queda geral
País LATAM,Costa Rica,2013,2020,7,8.2,8.2,0,0,Estagnação,2000,2023,11.2,9.2,-2,-17.85714285714286,Queda geral
País LATAM,Costa Rica,2013,2021,8,8.2,8.5,0.3000000000000007,3.658536585365857,Reversão,2000,2023,11.2,9.2,-2,-17.85714285714286,Queda geral
País LATAM,Costa Rica,2013,2022,9,8.2,8.8,0.6000000000000014,7.317073170731736,Reversão,2000,2023,11.2,9.2,-2,-17.85714285714286,Queda geral
País LATAM,Costa Rica,2013,2023,10,8.2,9.2,1,12.195121951219523,Reversão,2000,2023,11.2,9.2,-2,-17.85714285714286,Queda geral
País LATAM,Costa Rica,2014,2019,5,8,7.9,-0.09999999999999964,-1.2499999999999956,Estagnação,2000,2023,11.2,9.2,-2,-17.85714285714286,Queda geral
País LATAM,Costa Rica,2014,2020,6,8,8.2,0.1999999999999993,2.499999999999991,Reversão,2000,2023,11.2,9.2,-2,-17.85714285714286,Queda geral
País LATAM,Costa Rica,2014,2021,7,8,8.5,0.5,6.25,Reversão,2000,2023,11.2,9.2,-2,-17.85714285714286,Queda geral
País LATAM,Costa Rica,2014,2022,8,8,8.8,0.8000000000000007,10.000000000000009,Reversão,2000,2023,11.2,9.2,-2,-17.85714285714286,Queda geral
País LATAM,Costa Rica,2014,2023,9,8,9.2,1.1999999999999993,14.999999999999991,Reversão,2000,2023,11.2,9.2,-2,-17.85714285714286,Queda geral
País LATAM,Costa Rica,2015,2016,1,7.8,7.7,-0.09999999999999964,-1.2820512820512775,Estagnação,2000,2023,11.2,9.2,-2,-17.85714285714286,Queda geral
País LATAM,Costa Rica,2015,2017,2,7.8,7.7,-0.09999999999999964,-1.2820512820512775,Estagnação,2000,2023,11.2,9.2,-2,-17.85714285714286,Queda geral
País LATAM,Costa Rica,2015,2018,3,7.8,7.8,0,0,Estagnação,2000,2023,11.2,9.2,-2,-17.85714285714286,Queda geral
País LATAM,Costa Rica,2015,2019,4,7.8,7.9,0.10000000000000053,1.2820512820512997,Reversão,2000,2023,11.2,9.2,-2,-17.85714285714286,Queda geral
País LATAM,Costa Rica,2015,2020,5,7.8,8.2,0.39999999999999947,5.128205128205132,Reversão,2000,2023,11.2,9.2,-2,-17.85714285714286,Queda geral
País LATAM,Costa Rica,2015,2021,6,7.8,8.5,0.7000000000000002,8.974358974358987,Reversão,2000,2023,11.2,9.2,-2,-17.85714285714286,Queda geral
País LATAM,Costa Rica,2015,2022,7,7.8,8.8,1.0000000000000009,12.820512820512842,Reversão,2000,2023,11.2,9.2,-2,-17.85714285714286,Queda geral
País LATAM,Costa Rica,2015,2023,8,7.8,9.2,1.3999999999999995,17.948717948717952,Reversão,2000,2023,11.2,9.2,-2,-17.85714285714286,Queda geral
País LATAM,Costa Rica,2016,2017,1,7.7,7.7,0,0,Estagnação,2000,2023,11.2,9.2,-2,-17.85714285714286,Queda geral
País LATAM,Costa Rica,2016,2018,2,7.7,7.8,0.09999999999999964,1.298701298701288,Estagnação,2000,2023,11.2,9.2,-2,-17.85714285714286,Queda geral
País LATAM,Costa Rica,2016,2019,3,7.7,7.9,0.20000000000000018,2.5974025974025983,Reversão,2000,2023,11.2,9.2,-2,-17.85714285714286,Queda geral
País LATAM,Costa Rica,2016,2020,4,7.7,8.2,0.4999999999999991,6.493506493506485,Reversão,2000,2023,11.2,9.2,-2,-17.85714285714286,Queda geral
País LATAM,Costa Rica,2016,2021,5,7.7,8.5,0.7999999999999998,10.389610389610393,Reversão,2000,2023,11.2,9.2,-2,-17.85714285714286,Queda geral
País LATAM,Costa Rica,2016,2022,6,7.7,8.8,1.1000000000000005,14.285714285714302,Reversão,2000,2023,11.2,9.2,-2,-17.85714285714286,Queda geral
País LATAM,Costa Rica,2016,2023,7,7.7,9.2,1.4999999999999991,19.480519480519476,Reversão,2000,2023,11.2,9.2,-2,-17.85714285714286,Queda geral
País LATAM,Costa Rica,2017,2018,1,7.7,7.8,0.09999999999999964,1.298701298701288,Estagnação,2000,2023,11.2,9.2,-2,-17.85714285714286,Queda geral
País LATAM,Costa Rica,2017,2019,2,7.7,7.9,0.20000000000000018,2.5974025974025983,Reversão,2000,2023,11.2,9.2,-2,-17.85714285714286,Queda geral
País LATAM,Costa Rica,2017,2020,3,7.7,8.2,0.4999999999999991,6.493506493506485,Reversão,2000,2023,11.2,9.2,-2,-17.85714285714286,Queda geral
País LATAM,Costa Rica,2017,2021,4,7.7,8.5,0.7999999999999998,10.389610389610393,Reversão,2000,2023,11.2,9.2,-2,-17.85714285714286,Queda geral
País LATAM,Costa Rica,2017,2022,5,7.7,8.8,1.1000000000000005,14.285714285714302,Reversão,2000,2023,11.2,9.2,-2,-17.85714285714286,Queda geral
País LATAM,Costa Rica,2017,2023,6,7.7,9.2,1.4999999999999991,19.480519480519476,Reversão,2000,2023,11.2,9.2,-2,-17.85714285714286,Queda geral
País LATAM,Costa Rica,2018,2019,1,7.8,7.9,0.10000000000000053,1.2820512820512997,Reversão,2000,2023,11.2,9.2,-2,-17.85714285714286,Queda geral
País LATAM,Costa Rica,2018,2020,2,7.8,8.2,0.39999999999999947,5.128205128205132,Reversão,2000,2023,11.2,9.2,-2,-17.85714285714286,Queda geral
País LATAM,Costa Rica,2018,2021,3,7.8,8.5,0.7000000000000002,8.974358974358987,Reversão,2000,2023,11.2,9.2,-2,-17.85714285714286,Queda geral
País LATAM,Costa Rica,2018,2022,4,7.8,8.8,1.0000000000000009,12.820512820512842,Reversão,2000,2023,11.2,9.2,-2,-17.85714285714286,Queda geral
País LATAM,Costa Rica,2018,2023,5,7.8,9.2,1.3999999999999995,17.948717948717952,Reversão,2000,2023,11.2,9.2,-2,-17.85714285714286,Queda geral
País LATAM,Costa Rica,2019,2020,1,7.9,8.2,0.29999999999999893,3.7974683544303556,Reversão,2000,2023,11.2,9.2,-2,-17.85714285714286,Queda geral
País LATAM,Costa Rica,2019,2021,2,7.9,8.5,0.5999999999999996,7.594936708860756,Reversão,2000,2023,11.2,9.2,-2,-17.85714285714286,Queda geral
País LATAM,Costa Rica,2019,2022,3,7.9,8.8,0.9000000000000004,11.392405063291132,Reversão,2000,2023,11.2,9.2,-2,-17.85714285714286,Queda geral
País LATAM,Costa Rica,2019,2023,4,7.9,9.2,1.299999999999999,16.455696202531623,Reversão,2000,2023,11.2,9.2,-2,-17.85714285714286,Queda geral
País LATAM,Costa Rica,2020,2021,1,8.2,8.5,0.3000000000000007,3.658536585365857,Reversão,2000,2023,11.2,9.2,-2,-17.85714285714286,Queda geral
País LATAM,Costa Rica,2020,2022,2,8.2,8.8,0.6000000000000014,7.317073170731736,Reversão,2000,2023,11.2,9.2,-2,-17.85714285714286,Queda geral
País LATAM,Costa Rica,2020,2023,3,8.2,9.2,1,12.195121951219523,Reversão,2000,2023,11.2,9.2,-2,-17.85714285714286,Queda geral
País LATAM,Costa Rica,2021,2022,1,8.5,8.8,0.3000000000000007,3.529411764705892,Reversão,2000,2023,11.2,9.2,-2,-17.85714285714286,Queda geral
País LATAM,Costa Rica,2021,2023,2,8.5,9.2,0.6999999999999993,8.23529411764705,Reversão,2000,2023,11.2,9.2,-2,-17.85714285714286,Queda geral
País LATAM,Costa Rica,2022,2023,1,8.8,9.2,0.3999999999999986,4.545454545454519,Reversão,2000,2023,11.2,9.2,-2,-17.85714285714286,Queda geral
País LATAM,Cuba,2001,2023,22,6.5,6.6,0.09999999999999964,1.538461538461533,Estagnação,2000,2023,6.8,6.6,-0.20000000000000018,-2.941176470588236,Queda geral
País LATAM,Cuba,2002,2022,20,6.3,6.3,0,0,Estagnação,2000,2023,6.8,6.6,-0.20000000000000018,-2.941176470588236,Queda geral
País LATAM,Cuba,2002,2023,21,6.3,6.6,0.2999999999999998,4.761904761904767,Reversão,2000,2023,6.8,6.6,-0.20000000000000018,-2.941176470588236,Queda geral
País LATAM,Cuba,2003,2021,18,6,6,0,0,Estagnação,2000,2023,6.8,6.6,-0.20000000000000018,-2.941176470588236,Queda geral
País LATAM,Cuba,2003,2022,19,6,6.3,0.2999999999999998,5.000000000000004,Reversão,2000,2023,6.8,6.6,-0.20000000000000018,-2.941176470588236,Queda geral
País LATAM,Cuba,2003,2023,20,6,6.6,0.5999999999999996,9.999999999999986,Reversão,2000,2023,6.8,6.6,-0.20000000000000018,-2.941176470588236,Queda geral
País LATAM,Cuba,2004,2020,16,5.8,5.7,-0.09999999999999964,-1.724137931034475,Estagnação,2000,2023,6.8,6.6,-0.20000000000000018,-2.941176470588236,Queda geral
País LATAM,Cuba,2004,2021,17,5.8,6,0.20000000000000018,3.4482758620689724,Reversão,2000,2023,6.8,6.6,-0.20000000000000018,-2.941176470588236,Queda geral
País LATAM,Cuba,2004,2022,18,5.8,6.3,0.5,8.62068965517242,Reversão,2000,2023,6.8,6.6,-0.20000000000000018,-2.941176470588236,Queda geral
País LATAM,Cuba,2004,2023,19,5.8,6.6,0.7999999999999998,13.793103448275868,Reversão,2000,2023,6.8,6.6,-0.20000000000000018,-2.941176470588236,Queda geral
País LATAM,Cuba,2005,2020,15,5.6,5.7,0.10000000000000053,1.7857142857143016,Reversão,2000,2023,6.8,6.6,-0.20000000000000018,-2.941176470588236,Queda geral
País LATAM,Cuba,2005,2021,16,5.6,6,0.40000000000000036,7.14285714285714,Reversão,2000,2023,6.8,6.6,-0.20000000000000018,-2.941176470588236,Queda geral
País LATAM,Cuba,2005,2022,17,5.6,6.3,0.7000000000000002,12.5,Reversão,2000,2023,6.8,6.6,-0.20000000000000018,-2.941176470588236,Queda geral
País LATAM,Cuba,2005,2023,18,5.6,6.6,1,17.85714285714286,Reversão,2000,2023,6.8,6.6,-0.20000000000000018,-2.941176470588236,Queda geral
País LATAM,Cuba,2006,2019,13,5.4,5.4,0,0,Estagnação,2000,2023,6.8,6.6,-0.20000000000000018,-2.941176470588236,Queda geral
País LATAM,Cuba,2006,2020,14,5.4,5.7,0.2999999999999998,5.555555555555558,Reversão,2000,2023,6.8,6.6,-0.20000000000000018,-2.941176470588236,Queda geral
País LATAM,Cuba,2006,2021,15,5.4,6,0.5999999999999996,11.111111111111093,Reversão,2000,2023,6.8,6.6,-0.20000000000000018,-2.941176470588236,Queda geral
País LATAM,Cuba,2006,2022,16,5.4,6.3,0.8999999999999995,16.66666666666665,Reversão,2000,2023,6.8,6.6,-0.20000000000000018,-2.941176470588236,Queda geral
País LATAM,Cuba,2006,2023,17,5.4,6.6,1.1999999999999993,22.22222222222221,Reversão,2000,2023,6.8,6.6,-0.20000000000000018,-2.941176470588236,Queda geral
País LATAM,Cuba,2007,2018,11,5.2,5.2,0,0,Estagnação,2000,2023,6.8,6.6,-0.20000000000000018,-2.941176470588236,Queda geral
País LATAM,Cuba,2007,2019,12,5.2,5.4,0.20000000000000018,3.8461538461538547,Reversão,2000,2023,6.8,6.6,-0.20000000000000018,-2.941176470588236,Queda geral
País LATAM,Cuba,2007,2020,13,5.2,5.7,0.5,9.615384615384626,Reversão,2000,2023,6.8,6.6,-0.20000000000000018,-2.941176470588236,Queda geral
País LATAM,Cuba,2007,2021,14,5.2,6,0.7999999999999998,15.384615384615374,Reversão,2000,2023,6.8,6.6,-0.20000000000000018,-2.941176470588236,Queda geral
País LATAM,Cuba,2007,2022,15,5.2,6.3,1.0999999999999996,21.153846153846146,Reversão,2000,2023,6.8,6.6,-0.20000000000000018,-2.941176470588236,Queda geral
País LATAM,Cuba,2007,2023,16,5.2,6.6,1.3999999999999995,26.923076923076916,Reversão,2000,2023,6.8,6.6,-0.20000000000000018,-2.941176470588236,Queda geral
País LATAM,Cuba,2008,2009,1,5.1,5,-0.09999999999999964,-1.9607843137254832,Estagnação,2000,2023,6.8,6.6,-0.20000000000000018,-2.941176470588236,Queda geral
País LATAM,Cuba,2008,2017,9,5.1,5,-0.09999999999999964,-1.9607843137254832,Estagnação,2000,2023,6.8,6.6,-0.20000000000000018,-2.941176470588236,Queda geral
País LATAM,Cuba,2008,2018,10,5.1,5.2,0.10000000000000053,1.9607843137255054,Reversão,2000,2023,6.8,6.6,-0.20000000000000018,-2.941176470588236,Queda geral
País LATAM,Cuba,2008,2019,11,5.1,5.4,0.3000000000000007,5.882352941176494,Reversão,2000,2023,6.8,6.6,-0.20000000000000018,-2.941176470588236,Queda geral
País LATAM,Cuba,2008,2020,12,5.1,5.7,0.6000000000000005,11.764705882352944,Reversão,2000,2023,6.8,6.6,-0.20000000000000018,-2.941176470588236,Queda geral
País LATAM,Cuba,2008,2021,13,5.1,6,0.9000000000000004,17.647058823529417,Reversão,2000,2023,6.8,6.6,-0.20000000000000018,-2.941176470588236,Queda geral
País LATAM,Cuba,2008,2022,14,5.1,6.3,1.2000000000000002,23.529411764705888,Reversão,2000,2023,6.8,6.6,-0.20000000000000018,-2.941176470588236,Queda geral
País LATAM,Cuba,2008,2023,15,5.1,6.6,1.5,29.41176470588236,Reversão,2000,2023,6.8,6.6,-0.20000000000000018,-2.941176470588236,Queda geral
País LATAM,Cuba,2009,2010,1,5,4.9,-0.09999999999999964,-1.9999999999999907,Estagnação,2000,2023,6.8,6.6,-0.20000000000000018,-2.941176470588236,Queda geral
País LATAM,Cuba,2009,2016,7,5,4.9,-0.09999999999999964,-1.9999999999999907,Estagnação,2000,2023,6.8,6.6,-0.20000000000000018,-2.941176470588236,Queda geral
País LATAM,Cuba,2009,2017,8,5,5,0,0,Estagnação,2000,2023,6.8,6.6,-0.20000000000000018,-2.941176470588236,Queda geral
País LATAM,Cuba,2009,2018,9,5,5.2,0.20000000000000018,4.0000000000000036,Reversão,2000,2023,6.8,6.6,-0.20000000000000018,-2.941176470588236,Queda geral
País LATAM,Cuba,2009,2019,10,5,5.4,0.40000000000000036,8.000000000000007,Reversão,2000,2023,6.8,6.6,-0.20000000000000018,-2.941176470588236,Queda geral
País LATAM,Cuba,2009,2020,11,5,5.7,0.7000000000000002,14.000000000000012,Reversão,2000,2023,6.8,6.6,-0.20000000000000018,-2.941176470588236,Queda geral
País LATAM,Cuba,2009,2021,12,5,6,1,19.999999999999996,Reversão,2000,2023,6.8,6.6,-0.20000000000000018,-2.941176470588236,Queda geral
País LATAM,Cuba,2009,2022,13,5,6.3,1.2999999999999998,26,Reversão,2000,2023,6.8,6.6,-0.20000000000000018,-2.941176470588236,Queda geral
País LATAM,Cuba,2009,2023,14,5,6.6,1.5999999999999996,31.999999999999986,Reversão,2000,2023,6.8,6.6,-0.20000000000000018,-2.941176470588236,Queda geral
País LATAM,Cuba,2010,2016,6,4.9,4.9,0,0,Estagnação,2000,2023,6.8,6.6,-0.20000000000000018,-2.941176470588236,Queda geral
País LATAM,Cuba,2010,2017,7,4.9,5,0.09999999999999964,2.0408163265306145,Estagnação,2000,2023,6.8,6.6,-0.20000000000000018,-2.941176470588236,Queda geral
País LATAM,Cuba,2010,2018,8,4.9,5.2,0.2999999999999998,6.1224489795918435,Reversão,2000,2023,6.8,6.6,-0.20000000000000018,-2.941176470588236,Queda geral
País LATAM,Cuba,2010,2019,9,4.9,5.4,0.5,10.20408163265305,Reversão,2000,2023,6.8,6.6,-0.20000000000000018,-2.941176470588236,Queda geral
País LATAM,Cuba,2010,2020,10,4.9,5.7,0.7999999999999998,16.326530612244895,Reversão,2000,2023,6.8,6.6,-0.20000000000000018,-2.941176470588236,Queda geral
País LATAM,Cuba,2010,2021,11,4.9,6,1.0999999999999996,22.448979591836714,Reversão,2000,2023,6.8,6.6,-0.20000000000000018,-2.941176470588236,Queda geral
País LATAM,Cuba,2010,2022,12,4.9,6.3,1.3999999999999995,28.57142857142856,Reversão,2000,2023,6.8,6.6,-0.20000000000000018,-2.941176470588236,Queda geral
País LATAM,Cuba,2010,2023,13,4.9,6.6,1.6999999999999993,34.69387755102038,Reversão,2000,2023,6.8,6.6,-0.20000000000000018,-2.941176470588236,Queda geral
País LATAM,Cuba,2011,2012,1,4.8,4.8,0,0,Estagnação,2000,2023,6.8,6.6,-0.20000000000000018,-2.941176470588236,Queda geral
País LATAM,Cuba,2011,2013,2,4.8,4.7,-0.09999999999999964,-2.083333333333326,Estagnação,2000,2023,6.8,6.6,-0.20000000000000018,-2.941176470588236,Queda geral
País LATAM,Cuba,2011,2014,3,4.8,4.8,0,0,Estagnação,2000,2023,6.8,6.6,-0.20000000000000018,-2.941176470588236,Queda geral
País LATAM,Cuba,2011,2015,4,4.8,4.8,0,0,Estagnação,2000,2023,6.8,6.6,-0.20000000000000018,-2.941176470588236,Queda geral
País LATAM,Cuba,2011,2016,5,4.8,4.9,0.10000000000000053,2.083333333333348,Reversão,2000,2023,6.8,6.6,-0.20000000000000018,-2.941176470588236,Queda geral
País LATAM,Cuba,2011,2017,6,4.8,5,0.20000000000000018,4.166666666666674,Reversão,2000,2023,6.8,6.6,-0.20000000000000018,-2.941176470588236,Queda geral
País LATAM,Cuba,2011,2018,7,4.8,5.2,0.40000000000000036,8.333333333333348,Reversão,2000,2023,6.8,6.6,-0.20000000000000018,-2.941176470588236,Queda geral
País LATAM,Cuba,2011,2019,8,4.8,5.4,0.6000000000000005,12.500000000000021,Reversão,2000,2023,6.8,6.6,-0.20000000000000018,-2.941176470588236,Queda geral
País LATAM,Cuba,2011,2020,9,4.8,5.7,0.9000000000000004,18.75,Reversão,2000,2023,6.8,6.6,-0.20000000000000018,-2.941176470588236,Queda geral
País LATAM,Cuba,2011,2021,10,4.8,6,1.2000000000000002,25,Reversão,2000,2023,6.8,6.6,-0.20000000000000018,-2.941176470588236,Queda geral
País LATAM,Cuba,2011,2022,11,4.8,6.3,1.5,31.25,Reversão,2000,2023,6.8,6.6,-0.20000000000000018,-2.941176470588236,Queda geral
País LATAM,Cuba,2011,2023,12,4.8,6.6,1.7999999999999998,37.5,Reversão,2000,2023,6.8,6.6,-0.20000000000000018,-2.941176470588236,Queda geral
País LATAM,Cuba,2012,2013,1,4.8,4.7,-0.09999999999999964,-2.083333333333326,Estagnação,2000,2023,6.8,6.6,-0.20000000000000018,-2.941176470588236,Queda geral
País LATAM,Cuba,2012,2014,2,4.8,4.8,0,0,Estagnação,2000,2023,6.8,6.6,-0.20000000000000018,-2.941176470588236,Queda geral
País LATAM,Cuba,2012,2015,3,4.8,4.8,0,0,Estagnação,2000,2023,6.8,6.6,-0.20000000000000018,-2.941176470588236,Queda geral
País LATAM,Cuba,2012,2016,4,4.8,4.9,0.10000000000000053,2.083333333333348,Reversão,2000,2023,6.8,6.6,-0.20000000000000018,-2.941176470588236,Queda geral
País LATAM,Cuba,2012,2017,5,4.8,5,0.20000000000000018,4.166666666666674,Reversão,2000,2023,6.8,6.6,-0.20000000000000018,-2.941176470588236,Queda geral
País LATAM,Cuba,2012,2018,6,4.8,5.2,0.40000000000000036,8.333333333333348,Reversão,2000,2023,6.8,6.6,-0.20000000000000018,-2.941176470588236,Queda geral
País LATAM,Cuba,2012,2019,7,4.8,5.4,0.6000000000000005,12.500000000000021,Reversão,2000,2023,6.8,6.6,-0.20000000000000018,-2.941176470588236,Queda geral
País LATAM,Cuba,2012,2020,8,4.8,5.7,0.9000000000000004,18.75,Reversão,2000,2023,6.8,6.6,-0.20000000000000018,-2.941176470588236,Queda geral
País LATAM,Cuba,2012,2021,9,4.8,6,1.2000000000000002,25,Reversão,2000,2023,6.8,6.6,-0.20000000000000018,-2.941176470588236,Queda geral
País LATAM,Cuba,2012,2022,10,4.8,6.3,1.5,31.25,Reversão,2000,2023,6.8,6.6,-0.20000000000000018,-2.941176470588236,Queda geral
País LATAM,Cuba,2012,2023,11,4.8,6.6,1.7999999999999998,37.5,Reversão,2000,2023,6.8,6.6,-0.20000000000000018,-2.941176470588236,Queda geral
País LATAM,Cuba,2013,2014,1,4.7,4.8,0.09999999999999964,2.127659574468077,Estagnação,2000,2023,6.8,6.6,-0.20000000000000018,-2.941176470588236,Queda geral
País LATAM,Cuba,2013,2015,2,4.7,4.8,0.09999999999999964,2.127659574468077,Estagnação,2000,2023,6.8,6.6,-0.20000000000000018,-2.941176470588236,Queda geral
País LATAM,Cuba,2013,2016,3,4.7,4.9,0.20000000000000018,4.255319148936176,Reversão,2000,2023,6.8,6.6,-0.20000000000000018,-2.941176470588236,Queda geral
País LATAM,Cuba,2013,2017,4,4.7,5,0.2999999999999998,6.382978723404253,Reversão,2000,2023,6.8,6.6,-0.20000000000000018,-2.941176470588236,Queda geral
País LATAM,Cuba,2013,2018,5,4.7,5.2,0.5,10.63829787234043,Reversão,2000,2023,6.8,6.6,-0.20000000000000018,-2.941176470588236,Queda geral
País LATAM,Cuba,2013,2019,6,4.7,5.4,0.7000000000000002,14.893617021276606,Reversão,2000,2023,6.8,6.6,-0.20000000000000018,-2.941176470588236,Queda geral
País LATAM,Cuba,2013,2020,7,4.7,5.7,1,21.27659574468086,Reversão,2000,2023,6.8,6.6,-0.20000000000000018,-2.941176470588236,Queda geral
País LATAM,Cuba,2013,2021,8,4.7,6,1.2999999999999998,27.65957446808509,Reversão,2000,2023,6.8,6.6,-0.20000000000000018,-2.941176470588236,Queda geral
País LATAM,Cuba,2013,2022,9,4.7,6.3,1.5999999999999996,34.04255319148935,Reversão,2000,2023,6.8,6.6,-0.20000000000000018,-2.941176470588236,Queda geral
País LATAM,Cuba,2013,2023,10,4.7,6.6,1.8999999999999995,40.4255319148936,Reversão,2000,2023,6.8,6.6,-0.20000000000000018,-2.941176470588236,Queda geral
País LATAM,Cuba,2014,2015,1,4.8,4.8,0,0,Estagnação,2000,2023,6.8,6.6,-0.20000000000000018,-2.941176470588236,Queda geral
País LATAM,Cuba,2014,2016,2,4.8,4.9,0.10000000000000053,2.083333333333348,Reversão,2000,2023,6.8,6.6,-0.20000000000000018,-2.941176470588236,Queda geral
País LATAM,Cuba,2014,2017,3,4.8,5,0.20000000000000018,4.166666666666674,Reversão,2000,2023,6.8,6.6,-0.20000000000000018,-2.941176470588236,Queda geral
País LATAM,Cuba,2014,2018,4,4.8,5.2,0.40000000000000036,8.333333333333348,Reversão,2000,2023,6.8,6.6,-0.20000000000000018,-2.941176470588236,Queda geral
País LATAM,Cuba,2014,2019,5,4.8,5.4,0.6000000000000005,12.500000000000021,Reversão,2000,2023,6.8,6.6,-0.20000000000000018,-2.941176470588236,Queda geral
País LATAM,Cuba,2014,2020,6,4.8,5.7,0.9000000000000004,18.75,Reversão,2000,2023,6.8,6.6,-0.20000000000000018,-2.941176470588236,Queda geral
País LATAM,Cuba,2014,2021,7,4.8,6,1.2000000000000002,25,Reversão,2000,2023,6.8,6.6,-0.20000000000000018,-2.941176470588236,Queda geral
País LATAM,Cuba,2014,2022,8,4.8,6.3,1.5,31.25,Reversão,2000,2023,6.8,6.6,-0.20000000000000018,-2.941176470588236,Queda geral
País LATAM,Cuba,2014,2023,9,4.8,6.6,1.7999999999999998,37.5,Reversão,2000,2023,6.8,6.6,-0.20000000000000018,-2.941176470588236,Queda geral
País LATAM,Cuba,2015,2016,1,4.8,4.9,0.10000000000000053,2.083333333333348,Reversão,2000,2023,6.8,6.6,-0.20000000000000018,-2.941176470588236,Queda geral
País LATAM,Cuba,2015,2017,2,4.8,5,0.20000000000000018,4.166666666666674,Reversão,2000,2023,6.8,6.6,-0.20000000000000018,-2.941176470588236,Queda geral
País LATAM,Cuba,2015,2018,3,4.8,5.2,0.40000000000000036,8.333333333333348,Reversão,2000,2023,6.8,6.6,-0.20000000000000018,-2.941176470588236,Queda geral
País LATAM,Cuba,2015,2019,4,4.8,5.4,0.6000000000000005,12.500000000000021,Reversão,2000,2023,6.8,6.6,-0.20000000000000018,-2.941176470588236,Queda geral
País LATAM,Cuba,2015,2020,5,4.8,5.7,0.9000000000000004,18.75,Reversão,2000,2023,6.8,6.6,-0.20000000000000018,-2.941176470588236,Queda geral
País LATAM,Cuba,2015,2021,6,4.8,6,1.2000000000000002,25,Reversão,2000,2023,6.8,6.6,-0.20000000000000018,-2.941176470588236,Queda geral
País LATAM,Cuba,2015,2022,7,4.8,6.3,1.5,31.25,Reversão,2000,2023,6.8,6.6,-0.20000000000000018,-2.941176470588236,Queda geral
País LATAM,Cuba,2015,2023,8,4.8,6.6,1.7999999999999998,37.5,Reversão,2000,2023,6.8,6.6,-0.20000000000000018,-2.941176470588236,Queda geral
País LATAM,Cuba,2016,2017,1,4.9,5,0.09999999999999964,2.0408163265306145,Estagnação,2000,2023,6.8,6.6,-0.20000000000000018,-2.941176470588236,Queda geral
País LATAM,Cuba,2016,2018,2,4.9,5.2,0.2999999999999998,6.1224489795918435,Reversão,2000,2023,6.8,6.6,-0.20000000000000018,-2.941176470588236,Queda geral
País LATAM,Cuba,2016,2019,3,4.9,5.4,0.5,10.20408163265305,Reversão,2000,2023,6.8,6.6,-0.20000000000000018,-2.941176470588236,Queda geral
País LATAM,Cuba,2016,2020,4,4.9,5.7,0.7999999999999998,16.326530612244895,Reversão,2000,2023,6.8,6.6,-0.20000000000000018,-2.941176470588236,Queda geral
País LATAM,Cuba,2016,2021,5,4.9,6,1.0999999999999996,22.448979591836714,Reversão,2000,2023,6.8,6.6,-0.20000000000000018,-2.941176470588236,Queda geral
País LATAM,Cuba,2016,2022,6,4.9,6.3,1.3999999999999995,28.57142857142856,Reversão,2000,2023,6.8,6.6,-0.20000000000000018,-2.941176470588236,Queda geral
País LATAM,Cuba,2016,2023,7,4.9,6.6,1.6999999999999993,34.69387755102038,Reversão,2000,2023,6.8,6.6,-0.20000000000000018,-2.941176470588236,Queda geral
País LATAM,Cuba,2017,2018,1,5,5.2,0.20000000000000018,4.0000000000000036,Reversão,2000,2023,6.8,6.6,-0.20000000000000018,-2.941176470588236,Queda geral
País LATAM,Cuba,2017,2019,2,5,5.4,0.40000000000000036,8.000000000000007,Reversão,2000,2023,6.8,6.6,-0.20000000000000018,-2.941176470588236,Queda geral
País LATAM,Cuba,2017,2020,3,5,5.7,0.7000000000000002,14.000000000000012,Reversão,2000,2023,6.8,6.6,-0.20000000000000018,-2.941176470588236,Queda geral
País LATAM,Cuba,2017,2021,4,5,6,1,19.999999999999996,Reversão,2000,2023,6.8,6.6,-0.20000000000000018,-2.941176470588236,Queda geral
País LATAM,Cuba,2017,2022,5,5,6.3,1.2999999999999998,26,Reversão,2000,2023,6.8,6.6,-0.20000000000000018,-2.941176470588236,Queda geral
País LATAM,Cuba,2017,2023,6,5,6.6,1.5999999999999996,31.999999999999986,Reversão,2000,2023,6.8,6.6,-0.20000000000000018,-2.941176470588236,Queda geral
País LATAM,Cuba,2018,2019,1,5.2,5.4,0.20000000000000018,3.8461538461538547,Reversão,2000,2023,6.8,6.6,-0.20000000000000018,-2.941176470588236,Queda geral
País LATAM,Cuba,2018,2020,2,5.2,5.7,0.5,9.615384615384626,Reversão,2000,2023,6.8,6.6,-0.20000000000000018,-2.941176470588236,Queda geral
País LATAM,Cuba,2018,2021,3,5.2,6,0.7999999999999998,15.384615384615374,Reversão,2000,2023,6.8,6.6,-0.20000000000000018,-2.941176470588236,Queda geral
País LATAM,Cuba,2018,2022,4,5.2,6.3,1.0999999999999996,21.153846153846146,Reversão,2000,2023,6.8,6.6,-0.20000000000000018,-2.941176470588236,Queda geral
País LATAM,Cuba,2018,2023,5,5.2,6.6,1.3999999999999995,26.923076923076916,Reversão,2000,2023,6.8,6.6,-0.20000000000000018,-2.941176470588236,Queda geral
País LATAM,Cuba,2019,2020,1,5.4,5.7,0.2999999999999998,5.555555555555558,Reversão,2000,2023,6.8,6.6,-0.20000000000000018,-2.941176470588236,Queda geral
País LATAM,Cuba,2019,2021,2,5.4,6,0.5999999999999996,11.111111111111093,Reversão,2000,2023,6.8,6.6,-0.20000000000000018,-2.941176470588236,Queda geral
País LATAM,Cuba,2019,2022,3,5.4,6.3,0.8999999999999995,16.66666666666665,Reversão,2000,2023,6.8,6.6,-0.20000000000000018,-2.941176470588236,Queda geral
País LATAM,Cuba,2019,2023,4,5.4,6.6,1.1999999999999993,22.22222222222221,Reversão,2000,2023,6.8,6.6,-0.20000000000000018,-2.941176470588236,Queda geral
País LATAM,Cuba,2020,2021,1,5.7,6,0.2999999999999998,5.263157894736836,Reversão,2000,2023,6.8,6.6,-0.20000000000000018,-2.941176470588236,Queda geral
País LATAM,Cuba,2020,2022,2,5.7,6.3,0.5999999999999996,10.526315789473673,Reversão,2000,2023,6.8,6.6,-0.20000000000000018,-2.941176470588236,Queda geral
País LATAM,Cuba,2020,2023,3,5.7,6.6,0.8999999999999995,15.78947368421051,Reversão,2000,2023,6.8,6.6,-0.20000000000000018,-2.941176470588236,Queda geral
País LATAM,Cuba,2021,2022,1,6,6.3,0.2999999999999998,5.000000000000004,Reversão,2000,2023,6.8,6.6,-0.20000000000000018,-2.941176470588236,Queda geral
País LATAM,Cuba,2021,2023,2,6,6.6,0.5999999999999996,9.999999999999986,Reversão,2000,2023,6.8,6.6,-0.20000000000000018,-2.941176470588236,Queda geral
País LATAM,Cuba,2022,2023,1,6.3,6.6,0.2999999999999998,4.761904761904767,Reversão,2000,2023,6.8,6.6,-0.20000000000000018,-2.941176470588236,Queda geral
País LATAM,Dominican Republic,2005,2015,10,31.2,31.2,0,0,Estagnação,2000,2023,33.6,28.4,-5.200000000000003,-15.476190476190489,Queda geral
País LATAM,Dominican Republic,2005,2016,11,31.2,31.3,0.10000000000000142,0.3205128205128194,Reversão,2000,2023,33.6,28.4,-5.200000000000003,-15.476190476190489,Queda geral
País LATAM,Dominican Republic,2005,2017,12,31.2,31.3,0.10000000000000142,0.3205128205128194,Reversão,2000,2023,33.6,28.4,-5.200000000000003,-15.476190476190489,Queda geral
País LATAM,Dominican Republic,2005,2018,13,31.2,31.2,0,0,Estagnação,2000,2023,33.6,28.4,-5.200000000000003,-15.476190476190489,Queda geral
País LATAM,Dominican Republic,2006,2014,8,31,31,0,0,Estagnação,2000,2023,33.6,28.4,-5.200000000000003,-15.476190476190489,Queda geral
País LATAM,Dominican Republic,2006,2015,9,31,31.2,0.1999999999999993,0.6451612903225712,Reversão,2000,2023,33.6,28.4,-5.200000000000003,-15.476190476190489,Queda geral
País LATAM,Dominican Republic,2006,2016,10,31,31.3,0.3000000000000007,0.967741935483879,Reversão,2000,2023,33.6,28.4,-5.200000000000003,-15.476190476190489,Queda geral
País LATAM,Dominican Republic,2006,2017,11,31,31.3,0.3000000000000007,0.967741935483879,Reversão,2000,2023,33.6,28.4,-5.200000000000003,-15.476190476190489,Queda geral
País LATAM,Dominican Republic,2006,2018,12,31,31.2,0.1999999999999993,0.6451612903225712,Reversão,2000,2023,33.6,28.4,-5.200000000000003,-15.476190476190489,Queda geral
País LATAM,Dominican Republic,2007,2008,1,30.9,30.8,-0.09999999999999787,-0.3236245954692518,Estagnação,2000,2023,33.6,28.4,-5.200000000000003,-15.476190476190489,Queda geral
País LATAM,Dominican Republic,2007,2011,4,30.9,30.8,-0.09999999999999787,-0.3236245954692518,Estagnação,2000,2023,33.6,28.4,-5.200000000000003,-15.476190476190489,Queda geral
País LATAM,Dominican Republic,2007,2012,5,30.9,30.8,-0.09999999999999787,-0.3236245954692518,Estagnação,2000,2023,33.6,28.4,-5.200000000000003,-15.476190476190489,Queda geral
País LATAM,Dominican Republic,2007,2013,6,30.9,30.9,0,0,Estagnação,2000,2023,33.6,28.4,-5.200000000000003,-15.476190476190489,Queda geral
País LATAM,Dominican Republic,2007,2014,7,30.9,31,0.10000000000000142,0.3236245954692629,Reversão,2000,2023,33.6,28.4,-5.200000000000003,-15.476190476190489,Queda geral
País LATAM,Dominican Republic,2007,2015,8,30.9,31.2,0.3000000000000007,0.9708737864077666,Reversão,2000,2023,33.6,28.4,-5.200000000000003,-15.476190476190489,Queda geral
País LATAM,Dominican Republic,2007,2016,9,30.9,31.3,0.40000000000000213,1.2944983818770295,Reversão,2000,2023,33.6,28.4,-5.200000000000003,-15.476190476190489,Queda geral
País LATAM,Dominican Republic,2007,2017,10,30.9,31.3,0.40000000000000213,1.2944983818770295,Reversão,2000,2023,33.6,28.4,-5.200000000000003,-15.476190476190489,Queda geral
País LATAM,Dominican Republic,2007,2018,11,30.9,31.2,0.3000000000000007,0.9708737864077666,Reversão,2000,2023,33.6,28.4,-5.200000000000003,-15.476190476190489,Queda geral
País LATAM,Dominican Republic,2007,2019,12,30.9,30.9,0,0,Estagnação,2000,2023,33.6,28.4,-5.200000000000003,-15.476190476190489,Queda geral
País LATAM,Dominican Republic,2008,2011,3,30.8,30.8,0,0,Estagnação,2000,2023,33.6,28.4,-5.200000000000003,-15.476190476190489,Queda geral
País LATAM,Dominican Republic,2008,2012,4,30.8,30.8,0,0,Estagnação,2000,2023,33.6,28.4,-5.200000000000003,-15.476190476190489,Queda geral
País LATAM,Dominican Republic,2008,2013,5,30.8,30.9,0.09999999999999787,0.32467532467532756,Estagnação,2000,2023,33.6,28.4,-5.200000000000003,-15.476190476190489,Queda geral
País LATAM,Dominican Republic,2008,2014,6,30.8,31,0.1999999999999993,0.6493506493506551,Reversão,2000,2023,33.6,28.4,-5.200000000000003,-15.476190476190489,Queda geral
País LATAM,Dominican Republic,2008,2015,7,30.8,31.2,0.3999999999999986,1.298701298701288,Reversão,2000,2023,33.6,28.4,-5.200000000000003,-15.476190476190489,Queda geral
País LATAM,Dominican Republic,2008,2016,8,30.8,31.3,0.5,1.6233766233766156,Reversão,2000,2023,33.6,28.4,-5.200000000000003,-15.476190476190489,Queda geral
País LATAM,Dominican Republic,2008,2017,9,30.8,31.3,0.5,1.6233766233766156,Reversão,2000,2023,33.6,28.4,-5.200000000000003,-15.476190476190489,Queda geral
País LATAM,Dominican Republic,2008,2018,10,30.8,31.2,0.3999999999999986,1.298701298701288,Reversão,2000,2023,33.6,28.4,-5.200000000000003,-15.476190476190489,Queda geral
País LATAM,Dominican Republic,2008,2019,11,30.8,30.9,0.09999999999999787,0.32467532467532756,Estagnação,2000,2023,33.6,28.4,-5.200000000000003,-15.476190476190489,Queda geral
País LATAM,Dominican Republic,2009,2010,1,30.7,30.7,0,0,Estagnação,2000,2023,33.6,28.4,-5.200000000000003,-15.476190476190489,Queda geral
País LATAM,Dominican Republic,2009,2011,2,30.7,30.8,0.10000000000000142,0.32573289902280145,Reversão,2000,2023,33.6,28.4,-5.200000000000003,-15.476190476190489,Queda geral
País LATAM,Dominican Republic,2009,2012,3,30.7,30.8,0.10000000000000142,0.32573289902280145,Reversão,2000,2023,33.6,28.4,-5.200000000000003,-15.476190476190489,Queda geral
País LATAM,Dominican Republic,2009,2013,4,30.7,30.9,0.1999999999999993,0.6514657980456029,Reversão,2000,2023,33.6,28.4,-5.200000000000003,-15.476190476190489,Queda geral
País LATAM,Dominican Republic,2009,2014,5,30.7,31,0.3000000000000007,0.9771986970684043,Reversão,2000,2023,33.6,28.4,-5.200000000000003,-15.476190476190489,Queda geral
País LATAM,Dominican Republic,2009,2015,6,30.7,31.2,0.5,1.6286644951140072,Reversão,2000,2023,33.6,28.4,-5.200000000000003,-15.476190476190489,Queda geral
País LATAM,Dominican Republic,2009,2016,7,30.7,31.3,0.6000000000000014,1.9543973941368087,Reversão,2000,2023,33.6,28.4,-5.200000000000003,-15.476190476190489,Queda geral
País LATAM,Dominican Republic,2009,2017,8,30.7,31.3,0.6000000000000014,1.9543973941368087,Reversão,2000,2023,33.6,28.4,-5.200000000000003,-15.476190476190489,Queda geral
País LATAM,Dominican Republic,2009,2018,9,30.7,31.2,0.5,1.6286644951140072,Reversão,2000,2023,33.6,28.4,-5.200000000000003,-15.476190476190489,Queda geral
País LATAM,Dominican Republic,2009,2019,10,30.7,30.9,0.1999999999999993,0.6514657980456029,Reversão,2000,2023,33.6,28.4,-5.200000000000003,-15.476190476190489,Queda geral
País LATAM,Dominican Republic,2010,2011,1,30.7,30.8,0.10000000000000142,0.32573289902280145,Reversão,2000,2023,33.6,28.4,-5.200000000000003,-15.476190476190489,Queda geral
País LATAM,Dominican Republic,2010,2012,2,30.7,30.8,0.10000000000000142,0.32573289902280145,Reversão,2000,2023,33.6,28.4,-5.200000000000003,-15.476190476190489,Queda geral
País LATAM,Dominican Republic,2010,2013,3,30.7,30.9,0.1999999999999993,0.6514657980456029,Reversão,2000,2023,33.6,28.4,-5.200000000000003,-15.476190476190489,Queda geral
País LATAM,Dominican Republic,2010,2014,4,30.7,31,0.3000000000000007,0.9771986970684043,Reversão,2000,2023,33.6,28.4,-5.200000000000003,-15.476190476190489,Queda geral
País LATAM,Dominican Republic,2010,2015,5,30.7,31.2,0.5,1.6286644951140072,Reversão,2000,2023,33.6,28.4,-5.200000000000003,-15.476190476190489,Queda geral
País LATAM,Dominican Republic,2010,2016,6,30.7,31.3,0.6000000000000014,1.9543973941368087,Reversão,2000,2023,33.6,28.4,-5.200000000000003,-15.476190476190489,Queda geral
País LATAM,Dominican Republic,2010,2017,7,30.7,31.3,0.6000000000000014,1.9543973941368087,Reversão,2000,2023,33.6,28.4,-5.200000000000003,-15.476190476190489,Queda geral
País LATAM,Dominican Republic,2010,2018,8,30.7,31.2,0.5,1.6286644951140072,Reversão,2000,2023,33.6,28.4,-5.200000000000003,-15.476190476190489,Queda geral
País LATAM,Dominican Republic,2010,2019,9,30.7,30.9,0.1999999999999993,0.6514657980456029,Reversão,2000,2023,33.6,28.4,-5.200000000000003,-15.476190476190489,Queda geral
País LATAM,Dominican Republic,2011,2012,1,30.8,30.8,0,0,Estagnação,2000,2023,33.6,28.4,-5.200000000000003,-15.476190476190489,Queda geral
País LATAM,Dominican Republic,2011,2013,2,30.8,30.9,0.09999999999999787,0.32467532467532756,Estagnação,2000,2023,33.6,28.4,-5.200000000000003,-15.476190476190489,Queda geral
País LATAM,Dominican Republic,2011,2014,3,30.8,31,0.1999999999999993,0.6493506493506551,Reversão,2000,2023,33.6,28.4,-5.200000000000003,-15.476190476190489,Queda geral
País LATAM,Dominican Republic,2011,2015,4,30.8,31.2,0.3999999999999986,1.298701298701288,Reversão,2000,2023,33.6,28.4,-5.200000000000003,-15.476190476190489,Queda geral
País LATAM,Dominican Republic,2011,2016,5,30.8,31.3,0.5,1.6233766233766156,Reversão,2000,2023,33.6,28.4,-5.200000000000003,-15.476190476190489,Queda geral
País LATAM,Dominican Republic,2011,2017,6,30.8,31.3,0.5,1.6233766233766156,Reversão,2000,2023,33.6,28.4,-5.200000000000003,-15.476190476190489,Queda geral
País LATAM,Dominican Republic,2011,2018,7,30.8,31.2,0.3999999999999986,1.298701298701288,Reversão,2000,2023,33.6,28.4,-5.200000000000003,-15.476190476190489,Queda geral
País LATAM,Dominican Republic,2011,2019,8,30.8,30.9,0.09999999999999787,0.32467532467532756,Estagnação,2000,2023,33.6,28.4,-5.200000000000003,-15.476190476190489,Queda geral
País LATAM,Dominican Republic,2012,2013,1,30.8,30.9,0.09999999999999787,0.32467532467532756,Estagnação,2000,2023,33.6,28.4,-5.200000000000003,-15.476190476190489,Queda geral
País LATAM,Dominican Republic,2012,2014,2,30.8,31,0.1999999999999993,0.6493506493506551,Reversão,2000,2023,33.6,28.4,-5.200000000000003,-15.476190476190489,Queda geral
País LATAM,Dominican Republic,2012,2015,3,30.8,31.2,0.3999999999999986,1.298701298701288,Reversão,2000,2023,33.6,28.4,-5.200000000000003,-15.476190476190489,Queda geral
País LATAM,Dominican Republic,2012,2016,4,30.8,31.3,0.5,1.6233766233766156,Reversão,2000,2023,33.6,28.4,-5.200000000000003,-15.476190476190489,Queda geral
País LATAM,Dominican Republic,2012,2017,5,30.8,31.3,0.5,1.6233766233766156,Reversão,2000,2023,33.6,28.4,-5.200000000000003,-15.476190476190489,Queda geral
País LATAM,Dominican Republic,2012,2018,6,30.8,31.2,0.3999999999999986,1.298701298701288,Reversão,2000,2023,33.6,28.4,-5.200000000000003,-15.476190476190489,Queda geral
País LATAM,Dominican Republic,2012,2019,7,30.8,30.9,0.09999999999999787,0.32467532467532756,Estagnação,2000,2023,33.6,28.4,-5.200000000000003,-15.476190476190489,Queda geral
País LATAM,Dominican Republic,2013,2014,1,30.9,31,0.10000000000000142,0.3236245954692629,Reversão,2000,2023,33.6,28.4,-5.200000000000003,-15.476190476190489,Queda geral
País LATAM,Dominican Republic,2013,2015,2,30.9,31.2,0.3000000000000007,0.9708737864077666,Reversão,2000,2023,33.6,28.4,-5.200000000000003,-15.476190476190489,Queda geral
País LATAM,Dominican Republic,2013,2016,3,30.9,31.3,0.40000000000000213,1.2944983818770295,Reversão,2000,2023,33.6,28.4,-5.200000000000003,-15.476190476190489,Queda geral
País LATAM,Dominican Republic,2013,2017,4,30.9,31.3,0.40000000000000213,1.2944983818770295,Reversão,2000,2023,33.6,28.4,-5.200000000000003,-15.476190476190489,Queda geral
País LATAM,Dominican Republic,2013,2018,5,30.9,31.2,0.3000000000000007,0.9708737864077666,Reversão,2000,2023,33.6,28.4,-5.200000000000003,-15.476190476190489,Queda geral
País LATAM,Dominican Republic,2013,2019,6,30.9,30.9,0,0,Estagnação,2000,2023,33.6,28.4,-5.200000000000003,-15.476190476190489,Queda geral
País LATAM,Dominican Republic,2014,2015,1,31,31.2,0.1999999999999993,0.6451612903225712,Reversão,2000,2023,33.6,28.4,-5.200000000000003,-15.476190476190489,Queda geral
País LATAM,Dominican Republic,2014,2016,2,31,31.3,0.3000000000000007,0.967741935483879,Reversão,2000,2023,33.6,28.4,-5.200000000000003,-15.476190476190489,Queda geral
País LATAM,Dominican Republic,2014,2017,3,31,31.3,0.3000000000000007,0.967741935483879,Reversão,2000,2023,33.6,28.4,-5.200000000000003,-15.476190476190489,Queda geral
País LATAM,Dominican Republic,2014,2018,4,31,31.2,0.1999999999999993,0.6451612903225712,Reversão,2000,2023,33.6,28.4,-5.200000000000003,-15.476190476190489,Queda geral
País LATAM,Dominican Republic,2015,2016,1,31.2,31.3,0.10000000000000142,0.3205128205128194,Reversão,2000,2023,33.6,28.4,-5.200000000000003,-15.476190476190489,Queda geral
País LATAM,Dominican Republic,2015,2017,2,31.2,31.3,0.10000000000000142,0.3205128205128194,Reversão,2000,2023,33.6,28.4,-5.200000000000003,-15.476190476190489,Queda geral
País LATAM,Dominican Republic,2015,2018,3,31.2,31.2,0,0,Estagnação,2000,2023,33.6,28.4,-5.200000000000003,-15.476190476190489,Queda geral
País LATAM,Dominican Republic,2016,2017,1,31.3,31.3,0,0,Estagnação,2000,2023,33.6,28.4,-5.200000000000003,-15.476190476190489,Queda geral
País LATAM,Ecuador,2022,2023,1,11.2,11.1,-0.09999999999999964,-0.8928571428571397,Estagnação,2000,2023,24.1,11.1,-13.000000000000002,-53.94190871369295,Queda geral
País LATAM,Panama,2014,2015,1,13.7,13.6,-0.09999999999999964,-0.7299270072992692,Estagnação,2000,2023,20.3,10.6,-9.700000000000001,-47.7832512315271,Queda geral
País LATAM,Panama,2015,2016,1,13.6,13.5,-0.09999999999999964,-0.7352941176470562,Estagnação,2000,2023,20.3,10.6,-9.700000000000001,-47.7832512315271,Queda geral
País LATAM,Panama,2016,2017,1,13.5,13.4,-0.09999999999999964,-0.7407407407407418,Estagnação,2000,2023,20.3,10.6,-9.700000000000001,-47.7832512315271,Queda geral
País LATAM,Peru,2016,2017,1,14.5,14.4,-0.09999999999999964,-0.6896551724137945,Estagnação,2000,2023,29.9,13.5,-16.4,-54.84949832775919,Queda geral
País LATAM,Peru,2017,2018,1,14.4,14.3,-0.09999999999999964,-0.694444444444442,Estagnação,2000,2023,29.9,13.5,-16.4,-54.84949832775919,Queda geral
País LATAM,Peru,2019,2020,1,14.2,14.1,-0.09999999999999964,-0.7042253521126751,Estagnação,2000,2023,29.9,13.5,-16.4,-54.84949832775919,Queda geral
País LATAM,Peru,2020,2021,1,14.1,14,-0.09999999999999964,-0.7092198581560294,Estagnação,2000,2023,29.9,13.5,-16.4,-54.84949832775919,Queda geral
País LATAM,Uruguay,2022,2023,1,5.6,5.5,-0.09999999999999964,-1.7857142857142794,Estagnação,2000,2023,14.7,5.5,-9.2,-62.585034013605444,Queda geral
Região BR,Centro-Oeste,2003,2004,1,21.0947162681,21.2572098008,0.16249353269999744,0.7703044242681978,Reversão,2000,2023,23.3320353545,12.9240763464128,-10.4079590080872,-44.60802004605158,Queda geral
Região BR,Centro-Oeste,2010,2011,1,14.3711200172,14.4170304573,0.04591044009999834,0.3194632015114385,Estagnação,2000,2023,23.3320353545,12.9240763464128,-10.4079590080872,-44.60802004605158,Queda geral
Região BR,Centro-Oeste,2010,2012,2,14.3711200172,14.3042774311,-0.06684258610000171,-0.46511744401273036,Estagnação,2000,2023,23.3320353545,12.9240763464128,-10.4079590080872,-44.60802004605158,Queda geral
Região BR,Centro-Oeste,2012,2013,1,14.3042774311,14.2120343881,-0.09224304299999986,-0.6448633525482861,Estagnação,2000,2023,23.3320353545,12.9240763464128,-10.4079590080872,-44.60802004605158,Queda geral
Região BR,Centro-Oeste,2015,2016,1,12.3299419302937,12.7243744001057,0.394432469812001,3.198980757913472,Reversão,2000,2023,23.3320353545,12.9240763464128,-10.4079590080872,-44.60802004605158,Queda geral
Região BR,Centro-Oeste,2015,2022,7,12.3299419302937,12.631244901955201,0.3013029716615012,2.4436690242735315,Reversão,2000,2023,23.3320353545,12.9240763464128,-10.4079590080872,-44.60802004605158,Queda geral
Região BR,Centro-Oeste,2015,2023,8,12.3299419302937,12.9240763464128,0.5941344161191005,4.818631097194048,Reversão,2000,2023,23.3320353545,12.9240763464128,-10.4079590080872,-44.60802004605158,Queda geral
Região BR,Centro-Oeste,2016,2022,6,12.7243744001057,12.631244901955201,-0.09312949815049976,-0.7318984432721942,Estagnação,2000,2023,23.3320353545,12.9240763464128,-10.4079590080872,-44.60802004605158,Queda geral
Região BR,Centro-Oeste,2016,2023,7,12.7243744001057,12.9240763464128,0.19970194630709948,1.5694441237554368,Reversão,2000,2023,23.3320353545,12.9240763464128,-10.4079590080872,-44.60802004605158,Queda geral
Região BR,Centro-Oeste,2017,2018,1,11.6844562163493,11.8800560173897,0.19559980104039987,1.6740171508085266,Reversão,2000,2023,23.3320353545,12.9240763464128,-10.4079590080872,-44.60802004605158,Queda geral
Região BR,Centro-Oeste,2017,2019,2,11.6844562163493,11.8995570743278,0.21510085797850031,1.8409145791271175,Reversão,2000,2023,23.3320353545,12.9240763464128,-10.4079590080872,-44.60802004605158,Queda geral
Região BR,Centro-Oeste,2017,2021,4,11.6844562163493,11.8206151212436,0.13615890489429994,1.1652994574431474,Reversão,2000,2023,23.3320353545,12.9240763464128,-10.4079590080872,-44.60802004605158,Queda geral
Região BR,Centro-Oeste,2017,2022,5,11.6844562163493,12.631244901955201,0.9467886856059007,8.102976022804743,Reversão,2000,2023,23.3320353545,12.9240763464128,-10.4079590080872,-44.60802004605158,Queda geral
Região BR,Centro-Oeste,2017,2023,6,11.6844562163493,12.9240763464128,1.2396201300635,10.609138389589589,Reversão,2000,2023,23.3320353545,12.9240763464128,-10.4079590080872,-44.60802004605158,Queda geral
Região BR,Centro-Oeste,2018,2019,1,11.8800560173897,11.8995570743278,0.019501056938100447,0.1641495369176349,Estagnação,2000,2023,23.3320353545,12.9240763464128,-10.4079590080872,-44.60802004605158,Queda geral
Região BR,Centro-Oeste,2018,2021,3,11.8800560173897,11.8206151212436,-0.05944089614609993,-0.5003418844077179,Estagnação,2000,2023,23.3320353545,12.9240763464128,-10.4079590080872,-44.60802004605158,Queda geral
Região BR,Centro-Oeste,2018,2022,4,11.8800560173897,12.631244901955201,0.7511888845655008,6.323108943812472,Reversão,2000,2023,23.3320353545,12.9240763464128,-10.4079590080872,-44.60802004605158,Queda geral
Região BR,Centro-Oeste,2018,2023,5,11.8800560173897,12.9240763464128,1.0440203290231,8.788008469782405,Reversão,2000,2023,23.3320353545,12.9240763464128,-10.4079590080872,-44.60802004605158,Queda geral
Região BR,Centro-Oeste,2019,2021,2,11.8995570743278,11.8206151212436,-0.07894195308420038,-0.6634024492769619,Estagnação,2000,2023,23.3320353545,12.9240763464128,-10.4079590080872,-44.60802004605158,Queda geral
Região BR,Centro-Oeste,2019,2022,3,11.8995570743278,12.631244901955201,0.7316878276274004,6.1488660717124555,Reversão,2000,2023,23.3320353545,12.9240763464128,-10.4079590080872,-44.60802004605158,Queda geral
Região BR,Centro-Oeste,2019,2023,4,11.8995570743278,12.9240763464128,1.0245192720849996,8.609726107329706,Reversão,2000,2023,23.3320353545,12.9240763464128,-10.4079590080872,-44.60802004605158,Queda geral
Região BR,Centro-Oeste,2020,2021,1,11.2504962181217,11.8206151212436,0.5701189031218998,5.067500064606767,Reversão,2000,2023,23.3320353545,12.9240763464128,-10.4079590080872,-44.60802004605158,Queda geral
Região BR,Centro-Oeste,2020,2022,2,11.2504962181217,12.631244901955201,1.3807486838335006,12.272780302876463,Reversão,2000,2023,23.3320353545,12.9240763464128,-10.4079590080872,-44.60802004605158,Queda geral
Região BR,Centro-Oeste,2020,2023,3,11.2504962181217,12.9240763464128,1.6735801282910998,14.875611669424726,Reversão,2000,2023,23.3320353545,12.9240763464128,-10.4079590080872,-44.60802004605158,Queda geral
Região BR,Centro-Oeste,2021,2022,1,11.8206151212436,12.631244901955201,0.8106297807116007,6.857763089289359,Reversão,2000,2023,23.3320353545,12.9240763464128,-10.4079590080872,-44.60802004605158,Queda geral
Região BR,Centro-Oeste,2021,2023,2,11.8206151212436,12.9240763464128,1.1034612251692,9.33505755708175,Reversão,2000,2023,23.3320353545,12.9240763464128,-10.4079590080872,-44.60802004605158,Queda geral
Região BR,Centro-Oeste,2022,2023,1,12.631244901955201,12.9240763464128,0.29283144445759923,2.318310243610844,Reversão,2000,2023,23.3320353545,12.9240763464128,-10.4079590080872,-44.60802004605158,Queda geral
Região BR,Nordeste,2012,2013,1,16.404075292999998,16.383592819,-0.020482473999997808,-0.12486210672745246,Estagnação,2000,2023,41.1834750134,13.9894748289763,-27.1940001844237,-66.03133945247578,Queda geral
Região BR,Nordeste,2015,2016,1,14.0311472211047,14.6044772650428,0.5733300439380997,4.08612378520079,Reversão,2000,2023,41.1834750134,13.9894748289763,-27.1940001844237,-66.03133945247578,Queda geral
Região BR,Nordeste,2015,2017,2,14.0311472211047,14.2446808356974,0.21353361459270026,1.5218542805360835,Reversão,2000,2023,41.1834750134,13.9894748289763,-27.1940001844237,-66.03133945247578,Queda geral
Região BR,Nordeste,2015,2022,7,14.0311472211047,14.2357954999037,0.2046482787990005,1.4585284836238,Reversão,2000,2023,41.1834750134,13.9894748289763,-27.1940001844237,-66.03133945247578,Queda geral
Região BR,Nordeste,2015,2023,8,14.0311472211047,13.9894748289763,-0.04167239212839924,-0.29699917955189337,Estagnação,2000,2023,41.1834750134,13.9894748289763,-27.1940001844237,-66.03133945247578,Queda geral
Região BR,Nordeste,2017,2022,5,14.2446808356974,14.2357954999037,-0.008885335793699767,-0.06237651721499038,Estagnação,2000,2023,41.1834750134,13.9894748289763,-27.1940001844237,-66.03133945247578,Queda geral
Região BR,Nordeste,2018,2019,1,13.7501422502583,13.8595033300129,0.10936107975460096,0.7953450790848748,Reversão,2000,2023,41.1834750134,13.9894748289763,-27.1940001844237,-66.03133945247578,Queda geral
Região BR,Nordeste,2018,2022,4,13.7501422502583,14.2357954999037,0.48565324964540046,3.531987093706457,Reversão,2000,2023,41.1834750134,13.9894748289763,-27.1940001844237,-66.03133945247578,Queda geral
Região BR,Nordeste,2018,2023,5,13.7501422502583,13.9894748289763,0.23933257871800073,1.7405825653440399,Reversão,2000,2023,41.1834750134,13.9894748289763,-27.1940001844237,-66.03133945247578,Queda geral
Região BR,Nordeste,2019,2022,3,13.8595033300129,14.2357954999037,0.3762921698907995,2.715048013848631,Reversão,2000,2023,41.1834750134,13.9894748289763,-27.1940001844237,-66.03133945247578,Queda geral
Região BR,Nordeste,2019,2023,4,13.8595033300129,13.9894748289763,0.12997149896339977,0.9377789078627741,Reversão,2000,2023,41.1834750134,13.9894748289763,-27.1940001844237,-66.03133945247578,Queda geral
Região BR,Nordeste,2020,2021,1,13.2244961007811,13.4135893343839,0.18909323360280084,1.429870992147908,Reversão,2000,2023,41.1834750134,13.9894748289763,-27.1940001844237,-66.03133945247578,Queda geral
Região BR,Nordeste,2020,2022,2,13.2244961007811,14.2357954999037,1.011299399122601,7.647167736416582,Reversão,2000,2023,41.1834750134,13.9894748289763,-27.1940001844237,-66.03133945247578,Queda geral
Região BR,Nordeste,2020,2023,3,13.2244961007811,13.9894748289763,0.7649787281952012,5.784558612785395,Reversão,2000,2023,41.1834750134,13.9894748289763,-27.1940001844237,-66.03133945247578,Queda geral
Região BR,Nordeste,2021,2022,1,13.4135893343839,14.2357954999037,0.8222061655198001,6.129650647736673,Reversão,2000,2023,41.1834750134,13.9894748289763,-27.1940001844237,-66.03133945247578,Queda geral
Região BR,Nordeste,2021,2023,2,13.4135893343839,13.9894748289763,0.5758854945924003,4.29329898386106,Reversão,2000,2023,41.1834750134,13.9894748289763,-27.1940001844237,-66.03133945247578,Queda geral
Região BR,Norte,2015,2016,1,15.1973773072638,15.6611292542624,0.4637519469986007,3.0515261786449477,Reversão,2000,2023,33.6558264132,16.0426370561149,-17.613189357085105,-52.33325469665815,Queda geral
Região BR,Norte,2015,2017,2,15.1973773072638,15.5542402851767,0.35686297791290045,2.3481879188610666,Reversão,2000,2023,33.6558264132,16.0426370561149,-17.613189357085105,-52.33325469665815,Queda geral
Região BR,Norte,2015,2018,3,15.1973773072638,15.639228727512,0.44185142024820045,2.907418900740266,Reversão,2000,2023,33.6558264132,16.0426370561149,-17.613189357085105,-52.33325469665815,Queda geral
Região BR,Norte,2015,2019,4,15.1973773072638,15.3330584792571,0.13568117199329954,0.8927933369690555,Reversão,2000,2023,33.6558264132,16.0426370561149,-17.613189357085105,-52.33325469665815,Queda geral
Região BR,Norte,2015,2021,6,15.1973773072638,15.1203298630263,-0.07704744423750043,-0.5069785574164487,Estagnação,2000,2023,33.6558264132,16.0426370561149,-17.613189357085105,-52.33325469665815,Queda geral
Região BR,Norte,2015,2022,7,15.1973773072638,15.2444633006708,0.04708599340700026,0.30982973216369114,Estagnação,2000,2023,33.6558264132,16.0426370561149,-17.613189357085105,-52.33325469665815,Queda geral
Região BR,Norte,2015,2023,8,15.1973773072638,16.0426370561149,0.8452597488510989,5.561879077958376,Reversão,2000,2023,33.6558264132,16.0426370561149,-17.613189357085105,-52.33325469665815,Queda geral
Região BR,Norte,2016,2018,2,15.6611292542624,15.639228727512,-0.021900526750400218,-0.13984002299476384,Estagnação,2000,2023,33.6558264132,16.0426370561149,-17.613189357085105,-52.33325469665815,Queda geral
Região BR,Norte,2016,2023,7,15.6611292542624,16.0426370561149,0.3815078018524982,2.4360171968357047,Reversão,2000,2023,33.6558264132,16.0426370561149,-17.613189357085105,-52.33325469665815,Queda geral
Região BR,Norte,2017,2018,1,15.5542402851767,15.639228727512,0.08498844233530001,0.546400472006936,Estagnação,2000,2023,33.6558264132,16.0426370561149,-17.613189357085105,-52.33325469665815,Queda geral
Região BR,Norte,2017,2023,6,15.5542402851767,16.0426370561149,0.48839677093819844,3.139959020715688,Reversão,2000,2023,33.6558264132,16.0426370561149,-17.613189357085105,-52.33325469665815,Queda geral
Região BR,Norte,2018,2023,5,15.639228727512,16.0426370561149,0.40340832860289844,2.5794643433613595,Reversão,2000,2023,33.6558264132,16.0426370561149,-17.613189357085105,-52.33325469665815,Queda geral
Região BR,Norte,2019,2022,3,15.3330584792571,15.2444633006708,-0.08859517858629928,-0.5778050002623547,Estagnação,2000,2023,33.6558264132,16.0426370561149,-17.613189357085105,-52.33325469665815,Queda geral
Região BR,Norte,2019,2023,4,15.3330584792571,16.0426370561149,0.7095785768577993,4.627769324807129,Reversão,2000,2023,33.6558264132,16.0426370561149,-17.613189357085105,-52.33325469665815,Queda geral
Região BR,Norte,2020,2021,1,14.7225788101868,15.1203298630263,0.3977510528394994,2.701639827964719,Reversão,2000,2023,33.6558264132,16.0426370561149,-17.613189357085105,-52.33325469665815,Queda geral
Região BR,Norte,2020,2022,2,14.7225788101868,15.2444633006708,0.5218844904840001,3.5447899258171933,Reversão,2000,2023,33.6558264132,16.0426370561149,-17.613189357085105,-52.33325469665815,Queda geral
Região BR,Norte,2020,2023,3,14.7225788101868,16.0426370561149,1.3200582459280987,8.96621619722442,Reversão,2000,2023,33.6558264132,16.0426370561149,-17.613189357085105,-52.33325469665815,Queda geral
Região BR,Norte,2021,2022,1,15.1203298630263,15.2444633006708,0.12413343764450069,0.8209704336414214,Reversão,2000,2023,33.6558264132,16.0426370561149,-17.613189357085105,-52.33325469665815,Queda geral
Região BR,Norte,2021,2023,2,15.1203298630263,16.0426370561149,0.9223071930885993,6.099782223296035,Reversão,2000,2023,33.6558264132,16.0426370561149,-17.613189357085105,-52.33325469665815,Queda geral
Região BR,Norte,2022,2023,1,15.2444633006708,16.0426370561149,0.7981737554440986,5.235827196415488,Reversão,2000,2023,33.6558264132,16.0426370561149,-17.613189357085105,-52.33325469665815,Queda geral
Região BR,Sudeste,2010,2011,1,12.8505200742,12.9612495434,0.11072946919999893,0.8616730572820197,Reversão,2000,2023,20.3074684265,11.8713096406165,-8.436158785883501,-41.542148970547366,Queda geral
Região BR,Sudeste,2014,2023,9,11.933541684,11.8713096406165,-0.0622320433834993,-0.5214884652972485,Estagnação,2000,2023,20.3074684265,11.8713096406165,-8.436158785883501,-41.542148970547366,Queda geral
Região BR,Sudeste,2015,2016,1,11.3162165752715,11.701569080286,0.3853525050144988,3.4053122123570922,Reversão,2000,2023,20.3074684265,11.8713096406165,-8.436158785883501,-41.542148970547366,Queda geral
Região BR,Sudeste,2015,2017,2,11.3162165752715,11.3432230424685,0.027006467196999395,0.238652795458294,Estagnação,2000,2023,20.3074684265,11.8713096406165,-8.436158785883501,-41.542148970547366,Queda geral
Região BR,Sudeste,2015,2018,3,11.3162165752715,11.2637578313301,-0.0524587439414006,-0.4635714029725735,Estagnação,2000,2023,20.3074684265,11.8713096406165,-8.436158785883501,-41.542148970547366,Queda geral
Região BR,Sudeste,2015,2019,4,11.3162165752715,11.6298289679238,0.3136123926522991,2.77135375208013,Reversão,2000,2023,20.3074684265,11.8713096406165,-8.436158785883501,-41.542148970547366,Queda geral
Região BR,Sudeste,2015,2022,7,11.3162165752715,11.7425392576073,0.4263226823357993,3.7673605793955067,Reversão,2000,2023,20.3074684265,11.8713096406165,-8.436158785883501,-41.542148970547366,Queda geral
Região BR,Sudeste,2015,2023,8,11.3162165752715,11.8713096406165,0.5550930653449999,4.905288456196599,Reversão,2000,2023,20.3074684265,11.8713096406165,-8.436158785883501,-41.542148970547366,Queda geral
Região BR,Sudeste,2016,2019,3,11.701569080286,11.6298289679238,-0.07174011236219968,-0.613081133564064,Estagnação,2000,2023,20.3074684265,11.8713096406165,-8.436158785883501,-41.542148970547366,Queda geral
Região BR,Sudeste,2016,2022,6,11.701569080286,11.7425392576073,0.04097017732130048,0.35012550060764536,Estagnação,2000,2023,20.3074684265,11.8713096406165,-8.436158785883501,-41.542148970547366,Queda geral
Região BR,Sudeste,2016,2023,7,11.701569080286,11.8713096406165,0.1697405603305011,1.4505794835366848,Reversão,2000,2023,20.3074684265,11.8713096406165,-8.436158785883501,-41.542148970547366,Queda geral
Região BR,Sudeste,2017,2018,1,11.3432230424685,11.2637578313301,-0.0794652111384,-0.7005523107575851,Estagnação,2000,2023,20.3074684265,11.8713096406165,-8.436158785883501,-41.542148970547366,Queda geral
Região BR,Sudeste,2017,2019,2,11.3432230424685,11.6298289679238,0.2866059254552997,2.5266709856824665,Reversão,2000,2023,20.3074684265,11.8713096406165,-8.436158785883501,-41.542148970547366,Queda geral
Região BR,Sudeste,2017,2022,5,11.3432230424685,11.7425392576073,0.3993162151387999,3.520306474128021,Reversão,2000,2023,20.3074684265,11.8713096406165,-8.436158785883501,-41.542148970547366,Queda geral
Região BR,Sudeste,2017,2023,6,11.3432230424685,11.8713096406165,0.5280865981480005,4.65552511989642,Reversão,2000,2023,20.3074684265,11.8713096406165,-8.436158785883501,-41.542148970547366,Queda geral
Região BR,Sudeste,2018,2019,1,11.2637578313301,11.6298289679238,0.3660711365936997,3.2499911847844842,Reversão,2000,2023,20.3074684265,11.8713096406165,-8.436158785883501,-41.542148970547366,Queda geral
Região BR,Sudeste,2018,2022,4,11.2637578313301,11.7425392576073,0.4787814262771999,4.250636718639944,Reversão,2000,2023,20.3074684265,11.8713096406165,-8.436158785883501,-41.542148970547366,Queda geral
Região BR,Sudeste,2018,2023,5,11.2637578313301,11.8713096406165,0.6075518092864005,5.393864271446769,Reversão,2000,2023,20.3074684265,11.8713096406165,-8.436158785883501,-41.542148970547366,Queda geral
Região BR,Sudeste,2019,2022,3,11.6298289679238,11.7425392576073,0.11271028968350016,0.9691482995525247,Reversão,2000,2023,20.3074684265,11.8713096406165,-8.436158785883501,-41.542148970547366,Queda geral
Região BR,Sudeste,2019,2023,4,11.6298289679238,11.8713096406165,0.2414806726927008,2.0763905759811907,Reversão,2000,2023,20.3074684265,11.8713096406165,-8.436158785883501,-41.542148970547366,Queda geral
Região BR,Sudeste,2020,2021,1,10.6283240263682,11.0728969672362,0.44457294086800125,4.1829072934269185,Reversão,2000,2023,20.3074684265,11.8713096406165,-8.436158785883501,-41.542148970547366,Queda geral
Região BR,Sudeste,2020,2022,2,10.6283240263682,11.7425392576073,1.1142152312391005,10.48345184503976,Reversão,2000,2023,20.3074684265,11.8713096406165,-8.436158785883501,-41.542148970547366,Queda geral
Região BR,Sudeste,2020,2023,3,10.6283240263682,11.8713096406165,1.2429856142483011,11.695029349543095,Reversão,2000,2023,20.3074684265,11.8713096406165,-8.436158785883501,-41.542148970547366,Queda geral
Região BR,Sudeste,2021,2022,1,11.0728969672362,11.7425392576073,0.6696422903710992,6.047579891265276,Reversão,2000,2023,20.3074684265,11.8713096406165,-8.436158785883501,-41.542148970547366,Queda geral
Região BR,Sudeste,2021,2023,2,11.0728969672362,11.8713096406165,0.7984126733802999,7.210512982670547,Reversão,2000,2023,20.3074684265,11.8713096406165,-8.436158785883501,-41.542148970547366,Queda geral
Região BR,Sudeste,2022,2023,1,11.7425392576073,11.8713096406165,0.12877038300920063,1.0966144560749846,Reversão,2000,2023,20.3074684265,11.8713096406165,-8.436158785883501,-41.542148970547366,Queda geral
Região BR,Sul,2001,2002,1,15.6989392316,15.8804739961,0.1815347644999985,1.156350514018123,Reversão,2000,2023,17.1966985669,10.0209407161202,-7.175757850779799,-41.7275317286285,Queda geral
Região BR,Sul,2003,2004,1,14.8903902561,14.8855740641,-0.00481619199999983,-0.032344296671649175,Estagnação,2000,2023,17.1966985669,10.0209407161202,-7.175757850779799,-41.7275317286285,Queda geral
Região BR,Sul,2007,2008,1,12.4631828307,12.7713520692,0.30816923850000144,2.4726367468581367,Reversão,2000,2023,17.1966985669,10.0209407161202,-7.175757850779799,-41.7275317286285,Queda geral
Região BR,Sul,2009,2011,2,11.7940423209,11.7444598918,-0.049582429099999104,-0.4204023332368023,Estagnação,2000,2023,17.1966985669,10.0209407161202,-7.175757850779799,-41.7275317286285,Queda geral
Região BR,Sul,2010,2011,1,11.5639658373,11.7444598918,0.18049405450000044,1.5608317859069576,Reversão,2000,2023,17.1966985669,10.0209407161202,-7.175757850779799,-41.7275317286285,Queda geral
Região BR,Sul,2013,2014,1,10.7692363611,10.8440247111,0.07478834999999862,0.694462889403602,Estagnação,2000,2023,17.1966985669,10.0209407161202,-7.175757850779799,-41.7275317286285,Queda geral
Região BR,Sul,2016,2017,1,10.0112591655003,10.2266073770091,0.21534821150880035,2.1510602008077973,Reversão,2000,2023,17.1966985669,10.0209407161202,-7.175757850779799,-41.7275317286285,Queda geral
Região BR,Sul,2016,2018,2,10.0112591655003,10.0300146072715,0.0187554417711997,0.18734348458215866,Estagnação,2000,2023,17.1966985669,10.0209407161202,-7.175757850779799,-41.7275317286285,Queda geral
Região BR,Sul,2016,2019,3,10.0112591655003,10.2775001791404,0.26624101364009967,2.6594158560752312,Reversão,2000,2023,17.1966985669,10.0209407161202,-7.175757850779799,-41.7275317286285,Queda geral
Região BR,Sul,2016,2022,6,10.0112591655003,10.2936110193856,0.2823518538852987,2.8203430679160535,Reversão,2000,2023,17.1966985669,10.0209407161202,-7.175757850779799,-41.7275317286285,Queda geral
Região BR,Sul,2016,2023,7,10.0112591655003,10.0209407161202,0.009681550619900392,0.09670662261209717,Estagnação,2000,2023,17.1966985669,10.0209407161202,-7.175757850779799,-41.7275317286285,Queda geral
Região BR,Sul,2017,2019,2,10.2266073770091,10.2775001791404,0.05089280213129932,0.4976508851382455,Estagnação,2000,2023,17.1966985669,10.0209407161202,-7.175757850779799,-41.7275317286285,Queda geral
Região BR,Sul,2017,2022,5,10.2266073770091,10.2936110193856,0.06700364237649836,0.655189349765517,Estagnação,2000,2023,17.1966985669,10.0209407161202,-7.175757850779799,-41.7275317286285,Queda geral
Região BR,Sul,2018,2019,1,10.0300146072715,10.2775001791404,0.24748557186889997,2.4674497651227645,Reversão,2000,2023,17.1966985669,10.0209407161202,-7.175757850779799,-41.7275317286285,Queda geral
Região BR,Sul,2018,2022,4,10.0300146072715,10.2936110193856,0.263596412114099,2.628076054076711,Reversão,2000,2023,17.1966985669,10.0209407161202,-7.175757850779799,-41.7275317286285,Queda geral
Região BR,Sul,2018,2023,5,10.0300146072715,10.0209407161202,-0.009073891151299307,-0.0904673772331388,Estagnação,2000,2023,17.1966985669,10.0209407161202,-7.175757850779799,-41.7275317286285,Queda geral
Região BR,Sul,2019,2022,3,10.2775001791404,10.2936110193856,0.016110840245199043,0.15675835528465853,Estagnação,2000,2023,17.1966985669,10.0209407161202,-7.175757850779799,-41.7275317286285,Queda geral
Região BR,Sul,2020,2021,1,9.13119591811128,9.50343607415971,0.37224015604843075,4.0765761613997364,Reversão,2000,2023,17.1966985669,10.0209407161202,-7.175757850779799,-41.7275317286285,Queda geral
Região BR,Sul,2020,2022,2,9.13119591811128,10.2936110193856,1.1624151012743198,12.730151797189304,Reversão,2000,2023,17.1966985669,10.0209407161202,-7.175757850779799,-41.7275317286285,Queda geral
Região BR,Sul,2020,2023,3,9.13119591811128,10.0209407161202,0.8897447980089215,9.744011693409792,Reversão,2000,2023,17.1966985669,10.0209407161202,-7.175757850779799,-41.7275317286285,Queda geral
Região BR,Sul,2021,2022,1,9.50343607415971,10.2936110193856,0.790174945225889,8.314623669373766,Reversão,2000,2023,17.1966985669,10.0209407161202,-7.175757850779799,-41.7275317286285,Queda geral
Região BR,Sul,2021,2023,2,9.50343607415971,10.0209407161202,0.5175046419604907,5.445447708830398,Reversão,2000,2023,17.1966985669,10.0209407161202,-7.175757850779799,-41.7275317286285,Queda geral
